ID,username,email,address_ID
6073332d-4a68-4720-ae70-d5d94ffe6f02,username-6073332,email-6073332,22239240-ea68-435d-9f83-9c462b11340c
60733333-eb98-41ed-be16-8e025f97c0dd,username-6073333,email-6073333,22239240-ea68-435d-9f83-9c462b11340c
6073334f-bf5b-4694-9513-422913b5b7f2,username-6073334,email-6073334,22239240-ea68-435d-9f83-9c462b11340c
60733354-ef9a-4150-9893-406416b12877,username-6073335,email-6073335,22239240-ea68-435d-9f83-9c462b11340c
6073336a-d83b-46f8-b8ac-9bba9d3cdb75,username-6073336,email-6073336,22239240-ea68-435d-9f83-9c462b11340c
6073337d-0e33-4eef-8ddf-e80ace021be2,username-6073337,email-6073337,22239240-ea68-435d-9f83-9c462b11340c
6073338a-76a4-4527-a1c2-882b9674ccee,username-6073338,email-6073338,22239240-ea68-435d-9f83-9c462b11340c
60733394-6473-424d-8dd1-e551c748c929,username-6073339,email-6073339,22239240-ea68-435d-9f83-9c462b11340c
6073340d-b842-4eee-a4c0-74500a503165,username-6073340,email-6073340,22239240-ea68-435d-9f83-9c462b11340c
60733410-bfeb-4a8c-b826-4f7cb41fc71f,username-6073341,email-6073341,22239240-ea68-435d-9f83-9c462b11340c
60733428-b5d1-4254-8b37-641ca9e64ef3,username-6073342,email-6073342,22239240-ea68-435d-9f83-9c462b11340c
6073343b-b2ba-491f-a1a8-64de1e9b334c,username-6073343,email-6073343,22239240-ea68-435d-9f83-9c462b11340c
60733441-c2f3-4d41-8d49-7dfdb1362b40,username-6073344,email-6073344,22239240-ea68-435d-9f83-9c462b11340c
6073345a-f00d-4279-9381-99d0983ed51a,username-6073345,email-6073345,22239240-ea68-435d-9f83-9c462b11340c
60733464-4bef-42bb-8cf5-85700fcaaca7,username-6073346,email-6073346,22239240-ea68-435d-9f83-9c462b11340c
6073347f-a63e-4023-a92e-c30638a3abae,username-6073347,email-6073347,22239240-ea68-435d-9f83-9c462b11340c
60733485-9fb3-4dd4-8514-d197a9d7304b,username-6073348,email-6073348,22239240-ea68-435d-9f83-9c462b11340c
60733490-49c2-4ada-bdfd-243490ef7c63,username-6073349,email-6073349,22239240-ea68-435d-9f83-9c462b11340c
6073350d-1db4-4b31-93d6-c19c7f62414c,username-6073350,email-6073350,22239240-ea68-435d-9f83-9c462b11340c
60733518-f644-4296-8ae4-4f7f340fdbe7,username-6073351,email-6073351,22239240-ea68-435d-9f83-9c462b11340c