ID,name,parent_ID,catalog_ID
1400506a-a782-4904-af85-ca4e9a4ccbaf,name-1400506,1400506a-a782-4904-af85-ca4e9a4ccbaf,6261465f-51b1-405e-9529-2580d49a2954
14005076-dd23-4f9b-baaf-935d53e9289d,name-1400507,14005076-dd23-4f9b-baaf-935d53e9289d,6261465f-51b1-405e-9529-2580d49a2954
14005084-dec8-4f90-ab68-b2469ff7525a,name-1400508,14005084-dec8-4f90-ab68-b2469ff7525a,6261465f-51b1-405e-9529-2580d49a2954
14005096-107c-4daf-9f70-d79255eee0a3,name-1400509,14005096-107c-4daf-9f70-d79255eee0a3,6261465f-51b1-405e-9529-2580d49a2954
14005103-6472-4e05-9623-cd492e6efaa9,name-1400510,14005103-6472-4e05-9623-cd492e6efaa9,6261465f-51b1-405e-9529-2580d49a2954
14005110-15d2-4137-907e-495fff15a640,name-1400511,14005110-15d2-4137-907e-495fff15a640,6261465f-51b1-405e-9529-2580d49a2954
1400512c-5bcc-4081-9de3-b0f6b2e3c13a,name-1400512,1400512c-5bcc-4081-9de3-b0f6b2e3c13a,6261465f-51b1-405e-9529-2580d49a2954
14005134-3904-40b6-9f4a-469a31d615dc,name-1400513,14005134-3904-40b6-9f4a-469a31d615dc,6261465f-51b1-405e-9529-2580d49a2954
14005147-c53b-4a31-99be-74e6ee696456,name-1400514,14005147-c53b-4a31-99be-74e6ee696456,6261465f-51b1-405e-9529-2580d49a2954
14005158-1753-488a-9fa4-4dfe633f2589,name-1400515,14005158-1753-488a-9fa4-4dfe633f2589,6261465f-51b1-405e-9529-2580d49a2954
14005162-fecf-4b60-96a6-41e3d8ed327b,name-1400516,14005162-fecf-4b60-96a6-41e3d8ed327b,6261465f-51b1-405e-9529-2580d49a2954
14005171-5bf4-44c9-a479-9df6b68810b8,name-1400517,14005171-5bf4-44c9-a479-9df6b68810b8,6261465f-51b1-405e-9529-2580d49a2954
14005184-8402-47ba-aa76-97210e4d5745,name-1400518,14005184-8402-47ba-aa76-97210e4d5745,6261465f-51b1-405e-9529-2580d49a2954
1400519f-b5e1-4c34-9242-31bbb3e68ac8,name-1400519,1400519f-b5e1-4c34-9242-31bbb3e68ac8,6261465f-51b1-405e-9529-2580d49a2954
14005205-c669-40f9-8cdb-ce6d52e1bd69,name-1400520,14005205-c669-40f9-8cdb-ce6d52e1bd69,6261465f-51b1-405e-9529-2580d49a2954
1400521b-d73a-48bb-abd8-621fd88c968a,name-1400521,1400521b-d73a-48bb-abd8-621fd88c968a,6261465f-51b1-405e-9529-2580d49a2954
14005221-6ae1-4adc-9b59-68dedaea710a,name-1400522,14005221-6ae1-4adc-9b59-68dedaea710a,6261465f-51b1-405e-9529-2580d49a2954
14005231-b246-4e12-9c2b-8cc8631fef21,name-1400523,14005231-b246-4e12-9c2b-8cc8631fef21,6261465f-51b1-405e-9529-2580d49a2954
14005249-2851-45e6-8289-17fb7337e9f7,name-1400524,14005249-2851-45e6-8289-17fb7337e9f7,6261465f-51b1-405e-9529-2580d49a2954
14005257-30b5-43e7-a4a1-b4cf42ada12f,name-1400525,14005257-30b5-43e7-a4a1-b4cf42ada12f,6261465f-51b1-405e-9529-2580d49a2954