ID,name
6261465f-51b1-405e-9529-2580d49a2954,name-6261465
29105855-47cf-46ec-94aa-733108d0f1db,name-29105855
29105856-82ed-4fce-b230-4154c51a37d0,name-29105856
29105857-573f-4e67-b385-2db1dfb0ecd1,name-29105857
29105858-ee13-40e4-ae91-c8c523d0dfbf,name-29105858
29105859-2eb6-4d50-b8bd-6832bb090428,name-29105859
29105860-d320-4faf-a39b-33d04cf06851,name-29105860
29105861-47be-4040-8732-6d8e926fbc70,name-29105861
29105862-c582-4966-98c9-e1a38e61824c,name-29105862
29105863-9ff0-44bd-b63d-e770bfe7f379,name-29105863
29105864-afe2-4498-a4d9-c348ea609d05,name-29105864
29105865-141e-4dea-8948-0c2775b86062,name-29105865
29105866-a1f0-48fd-9401-5ae008a1e307,name-29105866
29105867-f629-4788-aa58-cd81b5ccc66e,name-29105867
29105868-4e0e-43ca-b551-604579613e8d,name-29105868
29105869-9243-40f0-a9d4-c254cd4aa291,name-29105869
29105870-af99-4d3e-8c4f-8a00f2f27b33,name-29105870
29105871-ea0e-4a37-96df-de9229fe0902,name-29105871
29105872-d3d3-4c17-aa74-22a6652d9c7f,name-29105872
29105873-d0bb-46a4-be20-2024c083a42a,name-29105873