{
  "Component-dbg.js.map": 1754901763947,
  "manifest.json": 1754886640246,
  "Component.ts": 1754886640246,
  "ext/main/Main.controller.ts": 1754886640246,
  "ext/main/Main.controller.js.map": 1754901764038,
  "Component.js.map": 1754901764053,
  "ext/main/Main.controller.js": 1754901763937,
  "Component.js": 1754901763937,
  "Component-dbg.js": 1754901763937,
  "i18n/i18n.properties": 1754886640246,
  "ext/main/Main-dbg.controller.js": 1754901763937,
  "ext/main/Main-dbg.controller.js.map": 1754901763951,
  "Component-preload.js": 1754901764136,
  "Component-preload.js.map": 1754901764136,
  "ext/main/Main.view.xml": 1754886640246,
  "index.html": 1754886628850
}